{
  "latest_stats_file": "stats_2025_7.json",
  "active_stats_file": "stats_2025_6.json",
  "drift_detected": false,
  "drift_summary": {
    "month": {
      "numeric_drift": 0.0005829384830580153,
      "threshold": 0.6582183789195147,
      "drift_flag": false
    },
    "dayofweek": {
      "numeric_drift": 0.009444617375443887,
      "threshold": 0.3980608052057312,
      "drift_flag": false
    },
    "origin": {
      "categorical_drift": 0.001362411277447214,
      "drift_flag": false,
      "structure_changed": false
    },
    "dest": {
      "categorical_drift": 0.001362653755263625,
      "drift_flag": false,
      "structure_changed": false
    },
    "reporting_airline": {
      "categorical_drift": 0.0056244501998687114,
      "drift_flag": false,
      "structure_changed": false
    },
    "dep_hour": {
      "numeric_drift": 0.004978977184336486,
      "threshold": 1.2987337585275809,
      "drift_flag": false
    },
    "if_delay": {
      "numeric_drift": 0.00043053383153218716,
      "threshold": 0.013607381130869432,
      "drift_flag": false
    }
  }
}