{
  "month": {
    "mean": 6.582183789195147,
    "std": 3.4013433759902814,
    "min": 1,
    "max": 12,
    "median": 7.0
  },
  "dayofweek": {
    "mean": 3.980608052057312,
    "std": 2.0128725054377297,
    "min": 1,
    "max": 7,
    "median": 4.0
  },
  "origin": {
    "ATL": 0.05122570388526335,
    "DEN": 0.04786725291459377,
    "ORD": 0.046290105773727414,
    "LAX": 0.04599371138647948,
    "DFW": 0.04158069564849565,
    "LAS": 0.03851717031191617,
    "PHX": 0.03691593561926158,
    "BOS": 0.034247504882135495,
    "MCO": 0.03372727251363591,
    "SEA": 0.0314060550230183,
    "SFO": 0.0312979547906028,
    "CLT": 0.03021137120444809,
    "LGA": 0.02839452354822563,
    "IAH": 0.026426981818010908,
    "MIA": 0.025539854910688057,
    "EWR": 0.025207622946389334,
    "DTW": 0.02468885933104756,
    "DCA": 0.024544040269686578,
    "BNA": 0.024400396210851855,
    "SAN": 0.024283777210121003,
    "JFK": 0.023929513948454988,
    "MSP": 0.021917322122242563,
    "AUS": 0.02150137122794814,
    "SLC": 0.021316895831326038,
    "PHL": 0.021156801737123736,
    "FLL": 0.01956056080520573,
    "TPA": 0.01926592892174718,
    "BWI": 0.0181905078595919,
    "RDU": 0.016565185615149074,
    "STL": 0.015971515588758516,
    "MDW": 0.01579732146424115,
    "MSY": 0.014723956656506812,
    "PDX": 0.014540656262410964,
    "DAL": 0.014185217998218697,
    "MCI": 0.013554829142882658,
    "SMF": 0.013077190615959824,
    "IAD": 0.012531401942514177,
    "SJC": 0.011451280870253872,
    "HOU": 0.011037973731643523,
    "HNL": 0.006957777459221538
  },
  "dest": {
    "ATL": 0.051220710124526767,
    "DEN": 0.047868427917120024,
    "ORD": 0.046282762007938315,
    "LAX": 0.04599077388016384,
    "DFW": 0.0415818706510219,
    "LAS": 0.038506889039811434,
    "PHX": 0.03690447934463059,
    "BOS": 0.03424515487708298,
    "MCO": 0.033734028778161874,
    "SEA": 0.031423092559649,
    "SFO": 0.031300598546286876,
    "CLT": 0.030206377443711505,
    "LGA": 0.028388648535594353,
    "IAH": 0.02643403183316844,
    "MIA": 0.025547786177740284,
    "EWR": 0.02520497919070526,
    "DTW": 0.02468885933104756,
    "DCA": 0.024543746519055016,
    "BNA": 0.024405389971588438,
    "SAN": 0.02429053347464697,
    "JFK": 0.02391893892571869,
    "MSP": 0.021921434631084456,
    "AUS": 0.021504308734263778,
    "SLC": 0.02131777708322073,
    "PHL": 0.02115738923838686,
    "FLL": 0.019566142067205444,
    "TPA": 0.019275622692588788,
    "BWI": 0.01818228284190811,
    "RDU": 0.01656195435820187,
    "STL": 0.015972984341916335,
    "MDW": 0.015804077728767116,
    "MSY": 0.014723956656506812,
    "PDX": 0.014527731234622154,
    "DAL": 0.014189036756429026,
    "MCI": 0.01355424164161953,
    "SMF": 0.013083359379222665,
    "IAD": 0.012524645677988208,
    "SJC": 0.011446287109517285,
    "HOU": 0.011039442484801343,
    "HNL": 0.006959246212379357
  },
  "reporting_airline": {
    "WN": 0.21033749597561635,
    "DL": 0.18792138528097835,
    "AA": 0.18336090672594946,
    "UA": 0.1566334180118487,
    "NK": 0.04761374611955416,
    "AS": 0.04176428979322305,
    "F9": 0.039519447466812054,
    "OO": 0.03739621790186849,
    "B6": 0.03688538555357894,
    "YX": 0.03125124844018415,
    "MQ": 0.010807379485865895,
    "OH": 0.008445036906829349,
    "9E": 0.004184477746627155,
    "HA": 0.0037879143940159473,
    "G4": 9.165019704792365e-05
  },
  "dep_hour": {
    "mean": 12.987337585275808,
    "std": 5.002358942539843,
    "min": 0,
    "max": 23,
    "median": 13.0
  },
  "if_delay": {
    "mean": 0.1360738113086943,
    "std": 0.3428669767085881,
    "min": 0,
    "max": 1,
    "median": 0.0
  }
}