{
  "month": {
    "10": 0.08747477955756086,
    "7": 0.08716876225670597,
    "8": 0.08684026501194941,
    "5": 0.08609214214769517,
    "3": 0.08574672451505563,
    "6": 0.08505323033168069,
    "4": 0.08371144357256102,
    "12": 0.08362345755556957,
    "9": 0.08259179733436209,
    "11": 0.08220891312855313,
    "1": 0.07725559043572658,
    "2": 0.07223289415257984
  },
  "dayofweek": {
    "4": 0.15215247880056687,
    "1": 0.1505162772922835,
    "5": 0.15004951630654037,
    "7": 0.14900794557243002,
    "3": 0.1366398671894583,
    "2": 0.13537301357667753,
    "6": 0.1262609012620434
  },
  "origin": {
    "ATL": 0.04767246770079243,
    "ORD": 0.04454026218382744,
    "DEN": 0.04441408443418585,
    "LAX": 0.03942111968974777,
    "DFW": 0.038629487256651586,
    "LAS": 0.03662152065459663,
    "PHX": 0.034438548897866364,
    "BOS": 0.03114294077791725,
    "MCO": 0.030557978796820224,
    "SEA": 0.028468069173446305,
    "SFO": 0.028335364988478426,
    "CLT": 0.028005659144587372,
    "LGA": 0.026473397161870825,
    "EWR": 0.023758400066134545,
    "IAH": 0.0236051496958802,
    "DCA": 0.022508950280890526,
    "DTW": 0.02242676553974466,
    "MIA": 0.02227883300568211,
    "JFK": 0.021987802334094992,
    "BNA": 0.02131606293514101,
    "SAN": 0.02103421761697608,
    "MSP": 0.019894508633144476,
    "SLC": 0.019487694164472456,
    "PHL": 0.019344112587294095,
    "AUS": 0.018488182680242618,
    "FLL": 0.017366119243774687,
    "TPA": 0.017266047235438255,
    "BWI": 0.016707916155127085,
    "MDW": 0.014529053635454111,
    "STL": 0.013968021917220144,
    "RDU": 0.013797125999602129,
    "DAL": 0.013042960139675385,
    "PDX": 0.012916782390033795,
    "MSY": 0.012281542684941653,
    "SMF": 0.012076805991557693,
    "IAD": 0.01169972306159432,
    "MCI": 0.011492327450114467,
    "IND": 0.011152952813147432,
    "SJC": 0.010597238931105257,
    "CMH": 0.010545510888148743,
    "SNA": 0.010180997389184149,
    "PIT": 0.010035965493044391,
    "HOU": 0.009896734872750224,
    "SAT": 0.009857576260792488,
    "CLE": 0.0096100551580473,
    "CVG": 0.008147166765650936,
    "RSW": 0.007785312184782238,
    "BUR": 0.007240717414777445,
    "OAK": 0.007035013842085888,
    "HNL": 0.005918751681463546
  },
  "dest": {
    "ATL": 0.047674643179234526,
    "ORD": 0.04453591122694325,
    "DEN": 0.04440634939972507,
    "LAX": 0.03942329516818986,
    "DFW": 0.03862924553682469,
    "LAS": 0.03661741141753934,
    "PHX": 0.03443661513925117,
    "BOS": 0.031142215618436553,
    "MCO": 0.03056015427526232,
    "SEA": 0.02848909879838657,
    "SFO": 0.028339715945362616,
    "CLT": 0.027999616148914882,
    "LGA": 0.026468562765332833,
    "EWR": 0.023757433186826948,
    "IAH": 0.023608775493283694,
    "DCA": 0.022509675440371222,
    "DTW": 0.022426523819917762,
    "MIA": 0.0222848760013546,
    "JFK": 0.02197716666171141,
    "BNA": 0.02131533777566031,
    "SAN": 0.02103373417732228,
    "MSP": 0.019896925831413472,
    "SLC": 0.019474399573992978,
    "PHL": 0.019344596026947894,
    "AUS": 0.018490358158684717,
    "FLL": 0.017372162239447177,
    "TPA": 0.017265805515611354,
    "BWI": 0.016710575073222978,
    "MDW": 0.014532921152684505,
    "STL": 0.013969713956008442,
    "RDU": 0.013794467081506234,
    "DAL": 0.013043927018982984,
    "PDX": 0.012897203084054927,
    "MSY": 0.012281059245287853,
    "SMF": 0.012079948349307389,
    "IAD": 0.01169513038488323,
    "MCI": 0.011492085730287567,
    "IND": 0.011151744214012934,
    "SJC": 0.010589987336298269,
    "CMH": 0.010548169806244638,
    "SNA": 0.010181722548664849,
    "PIT": 0.010034273454256094,
    "HOU": 0.00989770175205782,
    "SAT": 0.009860960338369083,
    "CLE": 0.009626492106276472,
    "CVG": 0.008148133644958535,
    "RSW": 0.007787487663224335,
    "BUR": 0.007240717414777445,
    "OAK": 0.00703380524295139,
    "HNL": 0.005921168879732542
  },
  "reporting_airline": {
    "WN": 0.22687967984692367,
    "DL": 0.17494859223581413,
    "AA": 0.172801395013465,
    "UA": 0.14794558693320628,
    "YX": 0.04890910633521077,
    "NK": 0.04542882426751037,
    "F9": 0.039153535841369914,
    "AS": 0.03905757307009077,
    "OO": 0.03842668432188282,
    "B6": 0.032761738458663855,
    "MQ": 0.01354356190118445,
    "OH": 0.01084766067177324,
    "9E": 0.00523154221358799,
    "HA": 0.0033891536929592575,
    "G4": 0.0006753651963574756
  },
  "dep_hour": {
    "7": 0.08002521621234217,
    "8": 0.07230347634203452,
    "6": 0.0705174085410734,
    "17": 0.06489355504842736,
    "18": 0.06282008237328261,
    "11": 0.0597642603216179,
    "10": 0.05857161469569529,
    "9": 0.057111868661048615,
    "16": 0.05674276248537293,
    "13": 0.05596635840137142,
    "15": 0.055519418441434064,
    "19": 0.05548025982947633,
    "12": 0.05516239825710336,
    "14": 0.05516167309762266,
    "20": 0.04642108415693321,
    "21": 0.030863754377848215,
    "5": 0.02605038746479653,
    "22": 0.023020187714783175,
    "23": 0.011045387490177111,
    "0": 0.0023246195752934296,
    "1": 0.00023350135278501125,
    "2": 7.251594806987927e-07
  },
  "if_delay": {
    "0": 0.8673376325621746,
    "1": 0.13266236743782542
  }
}