{
  "month": {
    "7": 0.08742978757201417,
    "10": 0.08716151322030707,
    "8": 0.08692853812540355,
    "5": 0.08606223553134942,
    "3": 0.08554686638201738,
    "6": 0.08511974537469426,
    "12": 0.08356393063107717,
    "4": 0.08349539124078359,
    "9": 0.08249289234756237,
    "11": 0.08210371804130308,
    "1": 0.0776377737347055,
    "2": 0.07245760779878246
  },
  "dayofweek": {
    "4": 0.15181857358644862,
    "1": 0.15018392383597023,
    "5": 0.14967061380995175,
    "7": 0.14873547766513065,
    "3": 0.137071720735813,
    "2": 0.13581006646555896,
    "6": 0.12670962390112678
  },
  "origin": {
    "ATL": 0.05126334569297589,
    "DEN": 0.0478240214384153,
    "ORD": 0.04656207300768788,
    "LAX": 0.04597286957954173,
    "DFW": 0.041606057352467495,
    "LAS": 0.0384500096337555,
    "PHX": 0.03685036497960732,
    "BOS": 0.034222629471055345,
    "MCO": 0.03380609824077329,
    "SFO": 0.03152076552321588,
    "SEA": 0.03145310861434238,
    "CLT": 0.030037608416519465,
    "LGA": 0.02823058062865035,
    "IAH": 0.026336775501139137,
    "MIA": 0.025621965550866963,
    "EWR": 0.025186608050289674,
    "DTW": 0.02478360820178232,
    "DCA": 0.024607700238711224,
    "BNA": 0.024396198858363204,
    "SAN": 0.024321776258602355,
    "JFK": 0.02385847351305558,
    "MSP": 0.02187612608306209,
    "AUS": 0.021580494807332245,
    "SLC": 0.02134957883574226,
    "PHL": 0.021006587723800964,
    "FLL": 0.01946636348527212,
    "TPA": 0.019412532118646686,
    "BWI": 0.01817382236531495,
    "RDU": 0.016418272660284366,
    "STL": 0.015928495472134915,
    "MDW": 0.015726701387407872,
    "MSY": 0.014728320740813736,
    "PDX": 0.014588888676439657,
    "DAL": 0.014168533360003883,
    "MCI": 0.01352844016996592,
    "SMF": 0.013200451242166138,
    "IAD": 0.012622131751534415,
    "SJC": 0.011360477481280364,
    "HOU": 0.011025134541646504,
    "HNL": 0.00692600834533263
  },
  "dest": {
    "ATL": 0.05125834496492872,
    "DEN": 0.047825492240782114,
    "ORD": 0.04655707227964071,
    "LAX": 0.045970516295754826,
    "DFW": 0.04160782231530767,
    "LAS": 0.03843677241245417,
    "PHX": 0.036840363523512984,
    "BOS": 0.03422233531058198,
    "MCO": 0.03381139312929382,
    "SFO": 0.03152282464652942,
    "SEA": 0.031478700575524966,
    "CLT": 0.03003231352799893,
    "LGA": 0.028222932456342907,
    "IAH": 0.026341187908239583,
    "MIA": 0.02562843708128095,
    "EWR": 0.025184843087449497,
    "DTW": 0.02478390236225568,
    "DCA": 0.024607994399184586,
    "BNA": 0.02440149374688374,
    "SAN": 0.024328247789016343,
    "JFK": 0.023847295415067783,
    "MSP": 0.021878185206375633,
    "AUS": 0.02158314225159251,
    "SLC": 0.021349872996215626,
    "PHL": 0.02100805852616778,
    "FLL": 0.019473423336632833,
    "TPA": 0.019423121895687755,
    "BWI": 0.018166174193007513,
    "RDU": 0.016415625216024098,
    "STL": 0.015930260434975092,
    "MDW": 0.015733761238768587,
    "MSY": 0.014728320740813736,
    "PDX": 0.014566238319990705,
    "DAL": 0.014172651606630966,
    "MCI": 0.013527851849019196,
    "SMF": 0.0132063344516334,
    "IAD": 0.012616542702540517,
    "SJC": 0.011355182592759827,
    "HOU": 0.011026311183539956,
    "HNL": 0.006928655789592897
  },
  "reporting_airline": {
    "WN": 0.21009294000155906,
    "DL": 0.18846832112322234,
    "AA": 0.1838691221221913,
    "UA": 0.15762677213300172,
    "NK": 0.046093181213147205,
    "AS": 0.04146338952288642,
    "F9": 0.03944809611987628,
    "OO": 0.037638420887746896,
    "B6": 0.03673711319736256,
    "YX": 0.03183228146450733,
    "MQ": 0.010869229490764097,
    "OH": 0.008481528928476352,
    "HA": 0.003910275172414808,
    "9E": 0.003373432308527271,
    "G4": 9.5896314316349e-05
  },
  "if_delay": {
    "0": 0.8643567225228379,
    "1": 0.13564327747716212
  }
}